{"Position":{"x":-17.387786865234376,"y":10.81268310546875,"z":0.0},"Name":"Coin"}
{"Position":{"x":6.499831199645996,"y":10.999591827392579,"z":0.0},"Name":"Coin"}
{"Position":{"x":6.75,"y":17.25,"z":0.0},"Name":"PistolBullets"}
{"Position":{"x":-24.0,"y":-55.0,"z":0.0},"Name":"Ladder"}
{"Position":{"x":-17.25,"y":17.25,"z":0.0},"Name":"PistolBullets"}
